﻿IdEndidad;IdSubJurisdiccion;entidad_desc
1100;110;Poder Legislativo Nacional
1500;150;Poder Judicial de la Nación
11000;1100;Ministerio Público
12010;1201;Secretaría General de la Presidencia de la Nación
12020;1202;Secretaría Legal y Técnica
12080;1208;Agencia Federal de Inteligencia
120160;12016;Consejo Nacional de Coordinación de Políticas Sociales
120170;12017;Secretaría de Comunicación y Prensa
12510;1251;Jefatura de Gabinete de Ministros
12520;1252;Secretaría de Políticas Integrales sobre Drogas de la Nación Argentina (SEDRONAR)
12530;1253;Secretaría de Medios y Comunicación Pública
12540;1254;Secretaría de Innovación Pública
13000;1300;Ministerio del Interior
13500;1350;Ministerio de Relaciones Exteriores, Comercio Internacional y Culto
14010;1401;Ministerio de Justicia y Derechos Humanos
14020;1402;Servicio Penitenciario Federal
14080;1408;Procuración del Tesoro de la Nación
14110;1411;Ministerio de Seguridad
14140;1414;Policía Federal Argentina
14150;1415;Gendarmería Nacional
14160;1416;Prefectura Naval Argentina
14170;1417;Policía de Seguridad Aeroportuaria
145200;14520;Ministerio de Defensa
145210;14521;Estado Mayor General del Ejército Argentino
145220;14522;Estado Mayor General de la Armada Argentina
145230;14523;Estado Mayor General de la Fuerza Aérea Argentina
145240;14524;Estado Mayor Conjunto de las Fuerzas Armadas (EMCO)
15000;1500;Ministerio de Economía
15100;1510;Ministerio de Desarrollo Productivo
15200;1520;Ministerio de Agricultura, Ganadería y Pesca
15300;1530;Ministerio de Turismo y Deportes
15700;1570;Ministerio de Transporte
16400;1640;Ministerio de Obras Públicas
16500;1650;Ministerio de Desarrollo Territorial y Hábitat
17000;1700;Ministerio de Educación
17100;1710;Ministerio de Ciencia, Tecnología e Innovación
17200;1720;Ministerio de Cultura
17500;1750;Ministerio de Trabajo, Empleo y Seguridad Social
18000;1800;Ministerio de Salud
18100;1810;Ministerio de Ambiente y Desarrollo Sostenible
18500;1850;Ministerio de Desarrollo Social
18600;1860;Ministerio de las Mujeres, Géneros y Diversidad
19000;1900;Servicio de la Deuda Pública
19100;1910;Obligaciones a Cargo del Tesoro
3410250;3410;Caja de Retiros, Jubilaciones y Pensiones de la Policía Federal Argentina
3450470;3450;Instituto de Ayuda Financiera para pago de Retiros y Pensiones Militares
3750850;3750;Administración Nacional de la Seguridad Social
2101;210;Auditoría General de la Nación
2200109;2200;Sindicatura General de la Nación
2200112;2200;Autoridad Regulatoria Nuclear
2200917;2200;Agencia Nacional de Discapacidad
2250205;2250;Agencia de Administración de Bienes del Estado
2250207;2250;Ente Nacional de Comunicaciones
2250209;2250;Agencia de Acceso a la Información Pública
2300200;2300;Registro Nacional de las Personas (RENAPER)
2300201;2300;Dirección Nacional de Migraciones
2400118;2400;Instituto Nacional de Asuntos Indígenas
2400202;2400;Instituto Nacional contra la Discriminación, la Xenofobia y el Racismo
2400206;2400;Centro Internacional para la Promoción de los Derechos Humanos
2400208;2400;Agencia Nacional de Materiales Controlados
2450450;2450;Instituto Geográfico Nacional
2450452;2450;Servicio Meteorológico Nacional
2500105;2500;Comisión Nacional de Energía Atómica
2500602;2500;Comisión Nacional de Valores
2500603;2500;Superintendencia de Seguros de la Nación
2500620;2500;Tribunal Fiscal de la Nación
2500651;2500;Ente Nacional Regulador del Gas
2500652;2500;Ente Nacional Regulador de la Electricidad
2500670;2500;Unidad de Informacion Financiera
2510114;2510;Instituto Nacional de Asociativismo y Economía Social (INAES)
2510608;2510;Instituto Nacional de Tecnología Industrial
2510622;2510;Instituto Nacional de la Propiedad Industrial
2510624;2510;Servicio Geológico Minero Argentino
2520606;2520;Instituto Nacional de Tecnología Agropecuaria
2520607;2520;Instituto Nacional de Investigación y Desarrollo Pesquero
2520609;2520;Instituto Nacional de Vitivinicultura
2520614;2520;Instituto Nacional de Semillas
2520623;2520;Servicio Nacional de Sanidad y Calidad Agroalimentaria
2530119;2530;Instituto Nacional de Promoción Turística
2570203;2570;Agencia Nacional de Seguridad Vial
2570661;2570;Comisión Nacional de Regulación de Transporte
2570664;2570;Organismo Regulador del Sistema Nacional de Aeropuertos
2570669;2570;Administración Nacional de Aviación Civil
2570671;2570;Junta de Seguridad en el Transporte
2640108;2640;Instituto Nacional del Agua
2640604;2640;Dirección Nacional de Vialidad
2640612;2640;Tribunal de Tasaciones de la Nación
2640613;2640;Ente Nacional de Obras Hídricas de Saneamiento
2640656;2640;Organismo Regulador de Seguridad de Presas
2700101;2700;Fundación Miguel Lillo
2700804;2700;Comisión Nacional de Evaluación y Acreditación Universitaria
2710103;2710;Consejo Nacional de Investigaciones Científicas y Técnicas
2710106;2710;Comisión Nacional de Actividades Espaciales
2710121;2710;Banco Nacional de Datos Genéticos (BNDG)
2710173;2710;Agencia Nacional de Promoción de la Investigación, el Desarrollo Tecnológico y la Innovación
2720113;2720;Teatro Nacional Cervantes
2720116;2720;Biblioteca Nacional 'Doctor Mariano Moreno'
2720117;2720;Instituto Nacional del Teatro
2720802;2720;Fondo Nacional de las Artes
2750852;2750;Superintendencia de Riesgos del Trabajo
2800902;2800;Hospital Nacional en Red Especializado en Salud Mental y Adicciones 'Licenciada Laura Bonaparte'
2800903;2800;Hospital Nacional Dr. Baldomero Sommer
2800904;2800;Administración Nacional de Medicamentos, Alimentos y Tecnología Médica
2800905;2800;Instituto Nacional Central Único Coordinador de Ablación e Implante
2800906;2800;Administración Nacional de Laboratorios e Institutos de Salud 'Dr. Carlos Malbrán'
2800908;2800;Hospital Nacional 'Prof. Alejandro A. Posadas'
2800909;2800;Colonia Nacional 'Dr. Manuel A. Montes de Oca'
2800910;2800;Instituto Nacional de Rehabilitación Psicofísica del Sur 'Dr. Juan Otimio Tesone'
2800914;2800;Superintendencia de Servicios de Salud
2800915;2800;Instituto Nacional del Cáncer (INC)
2800916;2800;Agencia Nacional de Laboratorios Públicos (ANLAP)
2810107;2810;Administración de Parques Nacionales
