﻿IdFuncion;finalidad_id;funcion_desc
11;1;Legislativa
12;1;Judicial
13;1;Dirección Superior Ejecutiva
14;1;Relaciones Exteriores
15;1;Relaciones Interiores
16;1;Administración Fiscal
17;1;Control de la Gestión Pública
18;1;Información y Estadística Básicas
21;2;Defensa
22;2;Seguridad Interior
23;2;Sistema Penal
24;2;Inteligencia
31;3;Salud
32;3;Promoción y Asistencia Social
33;3;Seguridad Social
34;3;Educación y Cultura
35;3;Ciencia y Técnica
36;3;Trabajo
37;3;Vivienda y Urbanismo
38;3;Agua Potable y Alcantarillado
41;4;Energía, Combustibles y Minería
42;4;Comunicaciones
43;4;Transporte
44;4;Ecología y Medio Ambiente
45;4;Agricultura
46;4;Industria
47;4;Comercio, Turismo y Otros Servicios
48;4;Seguros y Finanzas
51;5;Servicio de la Deuda Pública
