﻿IdJurisdiccion;caracter_id;jurisdiccion_desc
11;1;Poder Legislativo Nacional
15;1;Poder Judicial de la Nación
110;1;Ministerio Público
120;1;Presidencia de la Nación
125;1;Jefatura de Gabinete de Ministros
130;1;Ministerio del Interior
135;1;Ministerio de Relaciones Exteriores, Comercio Internacional y Culto
140;1;Ministerio de Justicia y Derechos Humanos
141;1;Ministerio de Seguridad
145;1;Ministerio de Defensa
150;1;Ministerio de Economía
151;1;Ministerio de Desarrollo Productivo
152;1;Ministerio de Agricultura, Ganadería y Pesca
153;1;Ministerio de Turismo y Deportes
157;1;Ministerio de Transporte
164;1;Ministerio de Obras Públicas
165;1;Ministerio de Desarrollo Territorial y Hábitat
170;1;Ministerio de Educación
171;1;Ministerio de Ciencia, Tecnología e Innovación
172;1;Ministerio de Cultura
175;1;Ministerio de Trabajo, Empleo y Seguridad Social
180;1;Ministerio de Salud
181;1;Ministerio de Ambiente y Desarrollo Sostenible
185;1;Ministerio de Desarrollo Social
186;1;Ministerio de las Mujeres, Géneros y Diversidad
190;1;Servicio de la Deuda Pública
191;1;Obligaciones a Cargo del Tesoro
341;3;Ministerio de Seguridad
345;3;Ministerio de Defensa
375;3;Ministerio de Trabajo, Empleo y Seguridad Social
21;2;Poder Legislativo Nacional
220;2;Presidencia de la Nación
225;2;Jefatura de Gabinete de Ministros
230;2;Ministerio del Interior
240;2;Ministerio de Justicia y Derechos Humanos
245;2;Ministerio de Defensa
250;2;Ministerio de Economía
251;2;Ministerio de Desarrollo Productivo
252;2;Ministerio de Agricultura, Ganadería y Pesca
253;2;Ministerio de Turismo y Deportes
257;2;Ministerio de Transporte
264;2;Ministerio de Obras Públicas
270;2;Ministerio de Educación
271;2;Ministerio de Ciencia, Tecnología e Innovación
272;2;Ministerio de Cultura
275;2;Ministerio de Trabajo, Empleo y Seguridad Social
280;2;Ministerio de Salud
281;2;Ministerio de Ambiente y Desarrollo Sostenible
