﻿IdPrincipal;inciso_id;principal_desc;48
11;1;Personal Permanente;
12;1;Personal Temporario;
13;1;Servicios Extraordinarios;
14;1;Asignaciones Familiares;
15;1;Asistencia Social al Personal;
16;1;Beneficios y Compensaciones;
17;1;Gabinete de autoridades superiores;
18;1;Personal contratado;
21;2;Productos Alimenticios, Agropecuarios y Forestales;
22;2;Textiles y Vestuario;
23;2;Productos de Papel, Cartón e Impresos;
24;2;Productos de Cuero y Caucho;
25;2;Productos Químicos, Combustibles y Lubricantes;
26;2;Productos de Minerales No Metálicos;
27;2;Productos Metálicos;
28;2;Minerales;
29;2;Otros Bienes de Consumo;
31;3;Servicios Básicos;
32;3;Alquileres y Derechos;
33;3;Mantenimiento, Reparación y Limpieza;
34;3;Servicios Técnicos y Profesionales;
35;3;Servicios Comerciales y Financieros;
36;3;Publicidad y Propaganda;
37;3;Pasajes y Viáticos;
38;3;Impuestos, Derechos, Tasas y Juicios;
39;3;Otros Servicios;
41;4;Bienes Preexistentes;
42;4;Construcciones;
43;4;Maquinaria y Equipo;
44;4;Equipo Militar y de Seguridad;
45;4;Libros, Revistas y Otros Elementos Coleccionables;
46;4;Obras de Arte;
47;4;Semovientes;
48;4;Activos Intangibles;
51;5;Transf. al Sector Privado para Financiar Gastos Corrientes;
52;5;Transf. al Sector Privado para Financiar Gastos Capital;
55;5;Transferencias a Otras Entidades del Sector Público Nacional;
56;5;Transferencias a Universidades Nacionales;
57;5;Transf. a Inst. Prov. y Mun. para Fin. Gastos Corrientes;
58;5;Transf. a Inst. Prov. y Mun. para Financ. Gastos de Capital;
59;5;Transferencias al Exterior;
61;6;Aportes de Capital y Compra de Acciones;
62;6;Préstamos a Corto Plazo;
63;6;Préstamos a Largo Plazo;
71;7;Servicio de la Deuda Colocada en Moneda Nacional;
72;7;Servicio de la Deuda Colocada en Moneda Extranjera;
73;7;Intereses por Préstamos Recibidos;
84;8;Otras Pérdidas;
