﻿IdPrograma;servicio_id;programa_desc;508;17
31216;312;Formacion y Sancion de Leyes Nacionales;;
31222;312;Revision de Cuentas Nacionales;;
31225;312;Control Parlamentario sobre el Funcionamiento del Sistema de Inteligencia;;
31227;312;Monitoreo e Implementacion del Nuevo Codigo Procesal Penal de la Nacion;;
31231;312;Control Parlamentario de Seguimiento de Tramite Legislativo;;
31232;312;Control Parlamentario de los Fondos de la Seguridad Social;;
31233;312;Promocion y Seguimiento de la Comunicacion Audiovisual;;
31243;312;Sistema Nacional de Prevencion de la Tortura y Otros Tratos o Penas Crueles, Inhumanos o Degradantes;;
31246;312;Seguimiento y Control de la Gestion de Contratacion y Pago de la Deuda Exterior de la Nacion;;
31249;312;Control Parlamentario sobre Organos y Actividades de Seguridad Interior;;
31317;313;Formacion y Sancion Legislativa;;
31323;313;Revision de Cuentas Nacionales;;
31340;313;Seguimiento y Control del Ministerio Publico de la Nacion (Ley N° 24.946,27.148 y 27.149);;
31341;313;Control Parlamentario de los Derechos de las Niñas, Niños y Adolescentes (NNA);;
31345;313;Seguimiento de Contratos de Participacion Publico-Privada;;
31348;313;Administracion del Edificio del Molino;;
31418;314;Asistencia Bibliografica;;
31519;315;Impresiones y Publicaciones Parlamentarias;;
31620;316;Asistencia Social Integral al Personal del Congreso de la Nacion;;
31921;319;Defensa de los Derechos de los Ciudadanos;;
34026;340;Proteccion de los Derechos del Interno Penitenciario;;
34636;346;Defensa del Publico de Servicios de Comunicacion Audiovisual;;
36942;369;Apoyo al Congreso Nacional en Materia Fiscal;;
38544;385;Defensa de los Derechos de las Niñas, Niños y Adolescentes (NNA);;
3201;320;Actividades Centrales;;
32022;320;Justicia de Casacion;;
32023;320;Justicia Ordinaria de la Ciudad Autonoma de Buenos Aires;;
32024;320;Justicia Federal;;
32026;320;Atencion de Pasividades;;
3354;335;Mandamientos y Notificaciones;;
3355;335;Pericias Judiciales;;
3356;335;Biblioteca y Jurisprudencia;;
3357;335;Archivo General;;
3358;335;Administracion General de la Corte Suprema de Justicia de la Nacion;;
33521;335;Justicia de Maxima Instancia;;
33525;335;Asistencia Social;;
33527;335;Interceptacion y Captacion de las Comunicaciones;;
36016;360;Ejercicio de la Accion Publica y Defensa de la Legalidad;;
36117;361;Representacion, Defensa y Curatela Publica Oficial;;
30116;301;Conduccion del Poder Ejecutivo Nacional;;
30118;301;Asuntos Estrategicos;;
30132;301;Coordinacion de Relaciones Financieras Internacionales;;
33820;338;Asistencia Legal y Tecnica;;
30216;302;Informacion e Inteligencia;;
3451;345;Actividades Centrales;;
34521;345;Asistencia y Coordinacion de Politicas Sociales;;
36816;368;Acciones de Comunicacion y Prensa Institucional;;
3051;305;Actividades Centrales;;
3059;305;Actividades Comunes a los Programas 24, 25, 26 y 58;;
30524;305;Gobierno Abierto y Pais Digital;;
30525;305;Innovacion Administrativa;;
30526;305;Gestion y Organizacion del Sistema de Contrataciones de la Administracion Publica Nacional;;
30527;305;Desarrollo de los Recursos Humanos del Sector Publico;;
30528;305;Fortalecimiento de la Gestion Publica;;
30550;305;Coordinacion de Proyectos Sociocomunitarios;;
30551;305;Fortalecimiento de Acciones Juveniles;;
30552;305;Argentina Futura;;
30558;305;Conectividad, Inclusion Digital y Formulacion de Politicas de TICs;;
30562;305;Coordinacion de Iniciativas bajo la Modalidad de Contratos de Participacion Publica - Privada;;
30594;305;Asistencia Financiera a Empresas Publicas;;
3031;303;Actividades Centrales;;
30316;303;Prevencion, Estadisticas e Investigacion sobre Consumos Problematicos;;
30317;303;Atencion y Acompañamiento a Personas con Consumos Problematicos;;
3478;347;Actividad Comun a los Programas 74 y 75;;
34774;347;Prensa y Difusion de Actos de Gobierno;;
34775;347;Acciones para la Federalizacion de la Comunicacion Publica y de los Contenidos;;
3661;366;Actividades Centrales;;
36623;366;Gobierno Abierto y Pais Digital;;
36625;366;Innovacion Administrativa;;
36626;366;Gestion y Organizacion del Sistema de Contrataciones de la Administracion Publica Nacional;;
36658;366;Conectividad, Inclusion Digital y Formulacion de Politicas de TICs;;
36694;366;Asistencia Financiera a Empresas Publicas;;
3251;325;Actividades Centrales;;
3253;325;Actividad Comun a Programas con Financiamiento Externo;;
32516;325;Impulso al Desarrollo del Sistema Democratico y Relaciones con la Comunidad;;
32517;325;Cooperacion, Asistencia Tecnica y Capacitacion a Municipios;;
32519;325;Relaciones con las Provincias y Desarrollo Regional;;
32534;325;Iniciativas Complementarias de Interior;;
3071;307;Actividades Centrales;;
3072;307;Actividades Comunes a los Programas 16, 19, 22 y 23;;
30716;307;Acciones Diplomaticas de Politica Exterior;;
30717;307;Registro y Sostenimiento de Cultos;;
30718;307;Comision Cascos Blancos;;
30719;307;Mantenimiento y Promocion de las Relaciones Economicas Internacionales;;
30720;307;Desarrollo del Plan Antartico;;
30722;307;Promocion de la Cooperacion Internacional;;
30723;307;Acciones Diplomaticas para la Promocion del Reclamo Argentino de Reconocimiento de la Soberania Nacional de las Islas Malvinas,;;
30792;307;Cuotas y Contribuciones a Organismos Internacionales;;
3321;332;Actividades Centrales;;
3322;332;Actividades Comunes a los Programas de la Secretaria de Justicia;;
33215;332;Actividades Comunes a los Programas de la  Secretaria General de Justicia y Derechos Humanos;;
33218;332;Politica Criminal y Asuntos Penitenciarios;;
33219;332;Regulacion y Control Registral;;
33221;332;Representacion Notarial del Estado;;
33226;332;Promocion y Defensa de los Derechos Humanos;;
33227;332;Controles Anticorrupcion;;
33238;332;Formacion Universitaria en Derechos Humanos;;
33243;332;Afianzamiento de la Justicia;;
33244;332;Gestion de Asuntos Internacionales y Cooperacion Instituciona;;
3311;331;Actividades Centrales;;
33116;331;Seguridad y Rehabilitacion del Interno;;
33125;331;Formacion y Capacitacion;;
33424;334;Cooperacion Tecnica y Financiera para la Laborterapia de Internos;;
34921;349;Defensa y Representacion Juridica del Estado;;
3431;343;Actividades Centrales;;
34344;343;Acciones de Formacion y Capacitacion;;
34348;343;Proyectos Especiales en Seguridad Publica;;
34349;343;Coordinacion Institucional del Ministerio de Seguridad y Fuerzas Policiales y de Seguridad;;
34350;343;Articulacion Federal de la Seguridad;;
34351;343;Acciones de Seguridad y Politica Criminal;;
3261;326;Actividades Centrales;;
32622;326;Asistencia Sanitaria de la Policia Federal Argentina;;
32623;326;Formacion y Capacitacion de la Policia Federal Argentina;;
32628;326;Seguridad Federal;;
32630;326;Servicio de Bomberos;;
32631;326;Servicios de Informatica y Comunicaciones;;
3751;375;Actividades Centrales;;
37541;375;Formacion y Capacitacion de la Gendarmeria Nacional;;
37542;375;Asistencia Sanitaria de la Gendarmeria Nacional;;
37544;375;Misiones Humanitarias y de Paz para Organismos Internacionales;;
37548;375;Seguridad en Fronteras;;
37549;375;Operaciones Complementarias de Seguridad Interior;;
37550;375;Servicio de Investigacion de Delitos Complejos y Operaciones Antidrogas;;
3801;380;Actividades Centrales;;
38031;380;Policia de Seguridad de la Navegacion;;
38036;380;Atencion Sanitaria de la Prefectura Naval Argentina;;
38037;380;Formacion y Capacitacion Profesional de la Prefectura Naval Argentina;;
38039;380;Control y Servicio Tecnico de Seguridad de la Navegacion;;
38040;380;Operaciones de Seguridad Interior;;
38041;380;Servicio de Informatica y Comunicaciones para la Navegacion;;
3821;382;Actividades Centrales;;
38223;382;Seguridad Aeroportuaria;;
38224;382;Formacion y Capacitacion en Seguridad Aeroportuaria;;
37016;370;Conduccion y Planificacion para la Defensa;;
37018;370;Mantenimiento, Produccion y Soporte Logistico para la Defensa - Fondo Nacional de la Defensa 'FONDEF';;
37021;370;Formacion y Capacitacion;;
37022;370;Servicios  de Hidrografia;;
37098;370;Transferencias Varias;;
37217;372;Desarrollo Tecnologico para la Defensa;;
37623;376;Logistica de la Defensa;;
3741;374;Actividades Centrales;;
37416;374;Alistamiento Operacional del Ejercito;;
37417;374;Formacion y Capacitacion;;
37418;374;Asistencia Sanitaria;;
37419;374;Remonta y Veterinaria;;
37420;374;Sastreria Militar;;
37424;374;Sostenimiento Operacional;;
3791;379;Actividades Centrales;;
37916;379;Alistamiento Operacional de la Armada;;
37917;379;Sanidad Naval;;
37918;379;Formacion y Capacitacion;;
37919;379;Hidrografia Naval;;
37920;379;Transportes Navales;;
37924;379;Sostenimiento Operacional;;
3811;381;Actividades Centrales;;
38116;381;Alistamiento Operacional de la Fuerza Aerea;;
38117;381;Transporte Aereo de Fomento;;
38118;381;Control de Transito Aereo;;
38119;381;Asistencia Sanitaria de la Fuerza Aerea;;
38120;381;Capacitacion y Formacion de la Fuerza Aerea;;
38123;381;Servicio Meteorologico Nacional;;
38124;381;Sostenimiento Operacional;;
3711;371;Actividades Centrales;;
37116;371;Planeamiento Militar Conjunto;;
37117;371;Fuerzas de Paz;;
37118;371;Sanidad Militar Conjunta;;
37119;371;Formacion y Capacitacion;;
37120;371;Sosten Logistico Antartico;;
37121;371;Planeamiento y Conduccion de Operaciones y de Adiestramiento Militar Conjunto;;
3212;321;Actividades Comunes del INDEC;;
32119;321;Servicio Estadistico;;
32141;321;Acciones Censales;;
32811;328;Actividad Comun de la Secretaria de Energia;;
32873;328;Formulacion y Ejecucion de Politica de Hidrocarburos;;
32874;328;Formulacion y Ejecucion de la Politica de Energia Electrica;;
32875;328;Acciones para el Uso Racional y Eficiente de la Energia;;
32877;328;Acciones para la Ampliacion de las Redes Electricas de Alta Tension;;
32887;328;Asistencia Financiera a Empresas Publicas;;
3571;357;Actividades Centrales;;
35712;357;Actividades Comunes a los Programas de la Secretaria de Hacienda;;
35718;357;Formulacion y Ejecucion de Politicas Economicas;;
35722;357;Finanzas, Bancos y Seguros;;
35725;357;Administracion  de Politica Tributaria;;
35726;357;Administracion Financiera;;
35727;357;Administracion de Ingresos Publicos;;
35747;357;Coordinacion Fiscal con las Provincias;;
35748;357;Administracion de los Asuntos Economicos y Financieros  Internacionales;;
32333;323;Analisis y Regulacion de la Competencia Comercial Internacional;;
3621;362;Actividades Centrales;;
3623;362;Actividades Comunes a los Programas de la Secretaria de Industria, Economia del Conocimiento y Gestion Comercial Externa;;
3624;362;Actividades Comunes a los Programas de la Secretaria de la PyME y de los Emprendedores;;
36227;362;Definicion de Politicas de Comercio Exterior;;
36228;362;Definicion de Politicas de Comercio Interior;;
36231;362;Defensa de la Libre Competencia;;
36232;362;Formulacion y Ejecucion de la Politica Geologico - Minera;;
36243;362;Gestion Productiva;;
36244;362;Fomento al Desarrollo Tecnologico;;
36245;362;Promocion de la Productividad y Competitividad PyME y el Desarrollo de los Emprendedores;;
36247;362;Financiamiento de la Produccion;;
36251;362;Acciones para la Transformacion e Integracion Productiva;;
3631;363;Actividades Centrales;;
36336;363;Politicas para el Aumento de la Produccion y Productividad en las Cadenas Agroindustriales en Forma Sostenible;;
36338;363;Programa Federal de Reconversion Productiva y Apoyo a la Actividad Ganadera;;
36339;363;Formulacion de Politicas para la Agricultura Familiar y Desarrollo Productivo;;
36341;363;Infraestructura Productiva y Servicios Agricolas;;
36342;363;Politicas para la Gestion del Riesgo Agropecuario;;
36343;363;Administracion y Control Comercial Agropecuario;;
36344;363;Fortalecimiento del Desarrollo Regional de Alimentos y Bioeconomia;;
36345;363;Formulacion de Politicas de Desarrollo de Mercados Agroindustriales Nacionales e Internacionales;;
36348;363;Politicas de Instrumento de Financiamiento para el Sector Agropecuario;;
3221;322;Actividades Centrales;;
3224;322;Actividad Comun a Programas 26 y 27 Deportes;;
32216;322;Promocion Turistica;;
32217;322;Desarrollo del Turismo Nacional;;
32218;322;Plan Federal de Turismo Social;;
32222;322;Inversiones con Financiamiento Internacional;;
32224;322;Calidad y Formacion Turistica;;
32226;322;Deporte Comunitario y Competencias;;
32227;322;Deporte Federado e Iniciacion Deportiva;;
32228;322;Programa Federal de Infraestructura Deportiva;;
3271;327;Actividades Centrales;;
3274;327;Actividades Comunes a los Programas 61, 62 y 91;;
32761;327;Coordinacion de Politicas de Transporte Vial;;
32762;327;Modernizacion de la Red de Transporte Ferroviario;;
32767;327;Ejecucion de Planes, Programas y Proyectos para el Mejoramiento del Transporte;;
32768;327;Formulacion y Ejecucion de Politicas de Movilidad Integral de Transporte;;
32791;327;Coordinacion de Politicas de Transporte Fluvial y Maritimo;;
3641;364;Actividades Centrales;;
36420;364;Planificacion Territorial de la Inversion Publica;;
36444;364;Desarrollo Sustentable de la Cuenca Matanza - Riachuelo;;
36448;364;Acciones de la Unidad Plan Belgrano;;
36466;364;Prevencion Sismica;;
36468;364;Infraestructura de Obras de Transporte;;
36472;364;Formulacion, Programacion, Ejecucion y Control de Obras Publicas;;
36473;364;Recursos Hidricos;;
36486;364;Apoyo para el Desarrollo de Infraestructura Urbana en Municipios;;
36487;364;Apoyo para el Desarrollo de la Infraestructura Educativa (CAF N° 8945 y BID Nº 2940/OC-AR);;
36494;364;Asistencia Financiera a Empresas Publicas;;
3651;365;Actividades Centrales;;
36539;365;Planificacion y Desarrollo Territorial;;
36540;365;Produccion Integral y Acceso al Habitat;;
36541;365;Acciones de Abordaje Integral para Mejorar el Habitat en Barrios Populares y Comunidades con Necesidades Basicas Insatisfechas;;
3301;330;Actividades Centrales;;
33026;330;Desarrollo de la Educacion Superior;;
33029;330;Gestion Educativa y Politicas Socioeducativas;;
33030;330;Cooperacion e Integracion Educativa Internacional;;
33032;330;Informacion y Evaluacion de la Calidad Educativa;;
33037;330;Infraestructura y Equipamiento;;
33039;330;Innovacion y Desarrollo de la Formacion Tecnologica;;
33044;330;Mejoramiento de la Calidad Educativa;;
33045;330;Acciones de Formacion Docente;;
33046;330;Fortalecimiento Edilicio de Jardines Infantiles;;
33047;330;Conectar Igualdad;;
33048;330;Fortalecimiento Territorial y Acompañamiento de Organizaciones Educativas;;
33049;330;Gestion y Asignacion de Becas a Estudiantes;;
33098;330;Fondo Nacional de Incentivo Docente;;
33099;330;Transferencias Varias;;
3361;336;Actividades Centrales;;
33645;336;Planeamiento y Politicas en Ciencia Tecnologia e Innovacion;;
33646;336;Formulacion, Coordinacion e Implementacion de Acciones de Articulacion en Ciencia y Tecnologia;;
33647;336;Financiamiento de Organismos Internacionales para Desarrollo Cientifico - Tecnologico;;
33648;336;Federalizacion de las Politicas en Ciencia, Tecnologia e Innovacion;;
3371;337;Actividades Centrales;;
33716;337;Promocion e Integracion Cultural;;
33717;337;Gestion de Organismos Estables;;
33718;337;Gestion de Museos Nacionales;;
33719;337;Difusion y Fortalecimiento del Patrimonio Cultural;;
33721;337;Desarrollo y Fomento de la Cultura Ciudadana y la Economia Creativa;;
33723;337;Formulacion de Iniciativas  para la Implementacion de Contenidos de Parques Tematicos;;
33724;337;Formulacion de Iniciativas para la Expresiones Federales;;
33726;337;Gestion de Espacios Culturales y Proyectos Especiales;;
33740;337;Fomento y Apoyo Economico a Bibliotecas Populares;;
33741;337;Estudios e Investigaciones Historicas sobre Juan Domingo Peron;;
33754;337;Fomento, Promocion y Apoyo a la Cultura;;
33755;337;Estudios e Investigaciones Historicas sobre Maria Eva Duarte de Peron;;
3501;350;Actividades Centrales;;
35016;350;Acciones de Empleo;;
35018;350;Analisis y Formulacion de la Politica de Seguridad Social;;
35020;350;Formulacion y Regulacion de la Politica Laboral;;
35022;350;Regularizacion del Trabajo;;
35023;350;Acciones de Capacitacion Laboral;;
35024;350;Sistema Federal de Empleo;;
35027;350;Acciones de Articulacion Territorial;;
3101;310;Actividades Centrales;;
3103;310;Actividades Comunes a los Programas con Financiamiento Externo;;
3105;310;Actividades Comunes de Programas de Calidad en Salud;;
3107;310;Actividades Comunes de Programas de Equidad en Salud;;
3108;310;Actividades Comunes a los Programas de Acceso a la Salud;;
3109;310;Actividades Comunes de la Unidad Gabinete de Asesores;;
31016;310;Apoyo al Desarrollo de la Atencion Medica;;
31017;310;Abordaje de Curso de Vida (NNA);;
31018;310;Formacion de Recursos Humanos Sanitarios y Asistenciales;;
31020;310;Prevencion y Control de Enfermedades Transmisibles e Inmunoprevenibles;;
31021;310;Planificacion, Control, Regulacion, Estudios, Investigaciones y Fiscalizacion de la Politica de Salud;;
31022;310;Respuesta al VIH, Infecciones de Transmision Sexual, Hepatitis Virales, Tuberculosis y Lepra;;
31024;310;Abordaje Integral de Enfermedades No Transmisibles y sus Factores de Riesgo;;
31025;310;Desarrollo de la Salud Sexual y la Procreacion Responsable;;
31026;310;Cobertura de Emergencias Sanitarias;;
31029;310;Acceso a Medicamentos, Insumos y Tecnologia Medica;;
31030;310;Fortalecimiento de la Capacidad del Sistema Publico de  Salud;;
31037;310;Prevencion y Control de Enfermedades Endemicas;;
31038;310;Funciones Esenciales de Salud Publica (BCIE N°2215);;
31039;310;Desarrollo de Estrategias en Salud Comunitaria;;
31041;310;Atencion Sanitaria en el Territorio;;
31042;310;Prevencion y Tratamiento de Patologias Especificas;;
31045;310;Prevencion y Control de Enfermedades Cronicas no Transmisibles;;
31047;310;Desarrollo de Seguros Publicos de Salud (BIRF N°8853-AR/ BIRF N°9222-AR);;
31049;310;Estadisticas, Estudios e Investigaciones en Salud;;
31050;310;Acciones para la Identidad de Genero (PPG);;
31083;310;Acciones Vinculadas a la Adquisicion de Insumos Medicos (Compra Centralizada);;
31099;310;Transferencias Varias;;
3171;317;Actividades Centrales;;
31760;317;Politica Ambiental en Recursos Naturales;;
31761;317;Promocion y Gestion del Cambio Climatico y el Desarrollo Sostenible;;
31762;317;Coordinacion Interjurisdiccional e Interinstitucional;;
31763;317;Control Ambiental;;
31766;317;Desarrollo Sostenible;;
3111;311;Actividades Centrales;;
3118;311;Actividad Comun a los Programas 24 y 38;;
3119;311;Actividad Comun a los Programas 26, 51, 54 y 56;;
31111;311;Actividad Comun a los Programas 57 y 58;;
31120;311;Abordaje Territorial;;
31124;311;Economia Social;;
31126;311;Politicas Alimentarias;;
31138;311;Acciones de Pg Nac de Inclusion Socio-Productiva y Desarrollo Local - Potenciar Trabajo;;
31151;311;Acciones para el Fortalecimiento de las Organizaciones de la Sociedad Civil;;
31152;311;Apoyo al Plan Nacional de Primera Infancia;;
31153;311;Integracion Socio Urbana;;
31154;311;Plan Nacional de Proteccion Social;;
31155;311;Programa de Fortalecimiento de la Informacion Social Estrategica;;
31156;311;Acciones del Programa Nacional de Inclusion e Integracion de Jovenes - Potenciar Inclusion Joven;;
31157;311;Acciones de Abordaje Integral Comunitaria;;
31158;311;Programa de Integracion Social y Fortalecimiento de la Ciudadania hacia el Desarrollo Humano;;
31199;311;Transferencias Varias;;
3414;341;Actividades Comunes a los Programas 44, 45, 46 y 47;;
34144;341;Acciones para la Promocion y Proteccion Integral de los Derechos de Niños, Niñas y Adolescentes;;
34145;341;Politicas Federales para la Promocion de los Derechos de Niños y Adolescentes;;
34146;341;Promocion y Proteccion de los Derechos de Adultos Mayores;;
34147;341;Promocion y Asistencia a Espacios de Primera Infancia;;
3861;386;Actividades Centrales (PPG);;
38618;386;Formulacion de Politicas contra la Violencia por Razones de Genero (PPG);;
38619;386;Formulacion de Politicas de Igualdad y Diversidad (PPG);;
38620;386;Acciones de Formacion, Investigacion y Politicas Culturales para la Igualdad (PPG);;
38621;386;Apoyo a la Implementacion de Politicas de Genero (PPG);;
35598;355;Deudas Directas de la Administracion Central;;
35666;356;Asistencia Financiera a Empresas Publicas y Otros Entes dependientes de la Jefatura de Gabinete de Ministros;;
35667;356;Reglamentacion Ley N° 27.606;;
35668;356;Fondo de Fortalecimiento Fiscal de la Provincia de Buenos Aires;;
35669;356;Asistencia Financiera a Empresa Publica del Sector Agua Potable para al Ejecucion de Infraestructura Urbana Complementaria;;
35671;356;Asistencia Financiera a Empresas Publicas y Otros Entes dependientes de la Secretaria de Innovacion Publica;;
35672;356;Asistencia Financiera a Empresas Publicas y Otros Entes dependientes de la Secretaria de Medios y Comunicacion Publica;;
35673;356;Asistencia Financiera a Empresas Publicas y Otros Entes del Ministerio de Turismo y Deportes;;
35674;356;Asistencia Financiera a Empresas Publicas y Otros Entes del Ministerio de Economia;;
35675;356;Asistencia Financiera a Empresas Publicas y Otros Entes del Ministerio de Educacion;;
35676;356;Asistencia Financiera a Empresas Publicas y Otros Entes de la Secretaria de Energia;;
35677;356;Asistencia Financiera a Empresas Publicas y Otros Entes del Ministerio de  Obras Publicas;;
35683;356;Asistencia Financiera a Empresas Publicas y Otros Entes del Ministerio de Defensa;;
35686;356;Acuerdo Nacion-Provincias - Ley Nº 27.260;;
35687;356;Asistencia Financiera a Empresas Publicas y Otros Entes del Ministerio de Transporte;;
35696;356;Atencion Servicios Financieros y Gastos Judiciales;;
35697;356;Aportes al Sector Externo;;
35698;356;Asistencia Financiera a Provincias y Municipios;;
35699;356;Otras Asistencias Financieras;;
2501;250;Actividades Centrales;;
25018;250;Administracion de Beneficios Previsionales Policia Federal, Policia de Seguridad Aeroportuaria y otros;;
25019;250;Administracion de Beneficios Previsionales Gendarmeria Nacional;;
25020;250;Administracion de Beneficios Previsionales Prefectura Naval Argentina;;
25021;250;Administracion de Beneficios Previsionales Servicio Penitenciario Federal;;
47016;470;Prestaciones de Prevision Social;;
8501;850;Actividades Centrales;;
85016;850;Prestaciones Previsionales;;
85017;850;Complementos a las Prestaciones Previsionales;;
85018;850;Seguro de Desempleo;;
85019;850;Asignaciones Familiares;;
85020;850;Atencion Ex-Cajas Provinciales;;
85021;850;Atencion Pensiones Ex-Combatientes y Regimen Reparatorio Ley Nº26.913;;
85030;850;Pension Universal para el Adulto Mayor;;
85031;850;Pensiones No Contributivas (Decreto N° 746/2017);;
85032;850;Acciones de Nutricion – Programa 1.000 Dias;;
85099;850;Transferencias y Contribuciones a la Seguridad Social y Organismos Descentralizados;;
116;1;Control Externo del Sector Publico Nacional;;
10916;109;Control Interno del Poder Ejecutivo Nacional;;
11216;112;Regulacion y Fiscalizacion de las Actividades Nucleares;;
9171;917;Actividades Centrales;;
91716;917;Acciones de Integracion de Personas con Discapacidad;;
91717;917;Abordaje Territorial;;
91723;917;Pensiones no Contributivas por Invalidez Laborativa;;
91736;917;Atencion Medica a los Beneficiarios de Pensiones no Contributivas;;
91762;917;Prevencion y Control de Discapacidades;;
20534;205;Administracion de Bienes del Estado;;
2071;207;Actividades Centrales;;
20716;207;Control y Fiscalizacion de Servicios de Tecnologias de la Informacion y las Comunicaciones;;
20717;207;Atencion de Usuarios;;
20718;207;Administracion de Servicios de Tecnologias de la Informacion y las Comunicaciones;;
20720;207;Control de Servicios Postales;;
20722;207;Control y Fiscalizacion de los Servicios de Comunicacion Audiovisual;;
20723;207;Enseñanza, Capacitacion y Habilitacion;;
20724;207;Administracion y Gestion de Proyecto de Fomento y Desarrollo;;
20916;209;Acceso a la Informacion Publica y Proteccion de Datos Personales;;
20016;200;Identificacion, Registro y Clasificacion del Potencial Humano Nacional;;
20116;201;Control de Ingresos y Egresos, Admision y Permanencia de Personas dentro del Territorio Nacional;;
11816;118;Atencion y Desarrollo de Poblaciones Indigenas;;
20216;202;Acciones contra la Discriminacion, la Xenofobia y el Racismo;;
20616;206;Promocion Internacional de los Derechos Humanos;;
20816;208;Formulacion y Ejecucion de Politicas para Restringir el Circulante de Armas de Fuego en la Sociedad Civil;;
45016;450;Elaboracion y Actualizacion de Informacion Geoespacial y Cartografia Basica Nacional;;
45216;452;Servicios de Meteorologia Nacional;;
1051;105;Actividades Centrales;;
10520;105;Desarrollos y Suministros para la Energia Nuclear;;
10521;105;Aplicaciones de la Tecnologia Nuclear;;
10522;105;Acciones para la Seguridad Nuclear y Proteccion Ambiental;;
10523;105;Investigacion y Aplicaciones no Nucleares;;
10524;105;Suministros y Tecnologia del Ciclo de Combustible Nuclear;;
10525;105;Coordinacion del Plan Nacional de Medicina;;
60216;602;Control y Fiscalizacion de la Oferta Publica;;
60316;603;Control y Fiscalizacion de la Actividad Aseguradora y Reaseguradora;;
62016;620;Resolucion de Cuestiones Dudosas y Litigiosas;;
65116;651;Regulacion del Transporte y Distribucion  de Gas;;
65216;652;Regulacion y Contralor del Mercado Electrico;;
67037;670;Prevencion del Lavado de Activos;;
11416;114;Asistencia a la Actividad Cooperativa y Mutual;;
6081;608;Actividades Centrales;;
60816;608;Metrologia, Desarrollo e Innovacion en Procesos Industriales;;
62218;622;Proteccion de los Derechos de la Propiedad Industrial;;
6241;624;Actividades Centrales;;
62416;624;Desarrollo y Aplicacion de la Tecnologia Minera;;
62419;624;Produccion de Informacion Geologica de Base;;
6061;606;Actividades Centrales;;
60616;606;Investigacion Fundamental e Innovaciones Tecnologicas - IFIT;;
60617;606;Investigacion Aplicada, Innovacion, Transferencias de Tecnologias, Extension y Apoyo al Desarrollo Rural - AITTE;;
60619;606;Fortalecimiento Estrategico y Articulacion Institucional;;
60716;607;Investigacion y Desarrollo Pesquero;;
60916;609;Control de Genuinidad de la Produccion Vitivinicola;;
61440;614;Promocion del Comercio y Produccion de Semillas;;
6231;623;Actividades Centrales;;
62324;623;Acciones para la Sanidad Animal;;
62325;623;Acciones para la Proteccion Vegetal;;
62326;623;Acciones para la Inocuidad y Calidad Agroalimentaria;;
11916;119;Promocion del Turismo Receptivo Internacional;;
20316;203;Acciones de Seguridad Vial;;
6611;661;Actividades Centrales;;
66137;661;Fiscalizacion, Regulacion y Control del Servicio de Transporte Terrestre;;
66416;664;Control del Sistema Nacional de Aeropuertos;;
66916;669;Regulacion, Fiscalizacion  y Administracion de la Aviacion Civil;;
67116;671;Investigacion de Accidentes y Promocion de la Seguridad;;
10816;108;Desarrollo de la Ciencia y Tecnica del Agua;;
6041;604;Actividades Centrales;;
60416;604;Ejecucion Obras de Mantenimiento y Rehabilitacion en Red por Administracion;;
60422;604;Construcciones de Obras Viales fuera de la Red Vial Nacional;;
60426;604;Ejecucion Obras de Rehabilitacion y Mantenimiento en Red por Sistema de Gestion Integral;;
60437;604;Infraestructura en Concesiones Viales;;
60440;604;Ejecucion de Obras, Operacion y Mantenimiento en Corredores Viales;;
60442;604;Construccion de Autopistas y Autovias;;
60443;604;Construccion de Rutas Seguras;;
60444;604;Construccion de Tuneles y Puentes Grandes;;
60445;604;Construccion de Rutas Nuevas y Obras de Pavimentacion;;
60447;604;Construccion y Puesta en Valor de Infraestructura de Apoyo y Soporte al Plan Vial Nacional;;
60448;604;Ejecucion Obras de Seguridad en Rutas Nacionales;;
60449;604;Reparacion y Construccion de Puentes y Alcantarillas;;
60450;604;Repavimentacion de Rutas Nacionales;;
60451;604;Ejecucion de Obras Menores para el  Fortalecimiento de la Red Vial;;
60452;604;Mantenimiento y Reparacion de Obras de Arte;;
60453;604;Ejecucion de Infraestructura Vial para el Desarrollo Economico, Social y Productivo;;
61254;612;Tasacion de Bienes;;
61320;613;Asistencia Tecnico - Financiera y Desarrollo de Infraestructura para el Saneamiento;;
61392;613;Servicios de la Deuda;;
65617;656;Control de Seguridad de Presas;;
10116;101;Investigacion de la Flora, Fauna y Gea;;
80416;804;Evaluacion y Acreditacion Universitaria;;
1031;103;Actividades Centrales;;
10316;103;Formacion de Recursos Humanos;;
10318;103;Promocion, Investigacion, Financiamiento, Innovacion y Divulgacion en Ciencia y Tecnica;;
10319;103;Investigaciones en Ciencia y Tecnica en el Atlantico Sur: Pampa Azul;;
1061;106;Actividades Centrales;;
1062;106;Actividades Comunes a los Programas 16 y 17;;
10616;106;Generacion de Ciclos de Informacion Espacial Completos;;
10617;106;Investigacion y Desarrollo de Medios de Acceso al Espacio;;
10698;106;Aplicaciones Financieras;;
12116;121;Acciones del Banco Nacional de Datos Geneticos;;
17344;173;Promocion  y  Financiamiento  de  Actividades  de  Ciencia, Tecnologia e Innovacion;;
11316;113;Acciones Artisticas del Teatro Nacional Cervantes;;
11625;116;Servicios de la Biblioteca Nacional;;
11716;117;Fomento, Produccion y Difusion del Teatro;;
80216;802;Financiamiento para el Fomento de las Artes;;
85216;852;Fiscalizacion Cumplimiento de la Ley de Riesgos del Trabajo;;
90252;902;Asistencia Integral y Prevencion en Drogadiccion (DIS);;
90353;903;Atencion de Pacientes;;
90454;904;Control y Fiscalizacion de Medicamentos, Alimentos, Productos Medicos, Cosmeticos y Productos de Uso Domestico;;
90555;905;Regulacion de la Ablacion e Implantes;;
90656;906;Prevencion, Control e Investigacion de Patologias en Salud;;
90695;906;Servicios de la Deuda;;
90858;908;Atencion Sanitaria para la Comunidad;;
90959;909;Atencion de Pacientes (DIS);;
91060;910;Atencion a Personas con Discapacidades Psicofisicas (DIS);;
9141;914;Actividades Centrales;;
91450;914;Regulacion y Control del Sistema de Salud;;
91463;914;Asistencia Financiera a Agentes del Seguro de Salud;;
91565;915;Investigacion, Prevencion, Deteccion Temprana y Tratamiento del Cancer;;
91666;916;Investigacion y Desarrollo de los Laboratorios de Produccion Publica;;
1071;107;Actividades Centrales;;
10717;107;Conservacion y Administracion de Areas Naturales Protegidas;;
10718;107;Atencion a Pasividades de Guardaparques;;
10719;107;Formacion y Capacitacion;;
10721;107;Conservacion de la Biodiversidad (GEF TF Nº 2837/AR);;
10723;107;Programa de Desarrollo de Corredores Turisticos (BID Nº 2606/OC-AR);;
10724;107;Infraestructura en Areas Naturales Protegidas;;
10725;107;Sistema de Areas Marinas Protegidas;;
10727;107;Recuperacion Sustentable de Paisajes y Medios de Vida en Argentina (BIRF S/N y PROGREEN S/N);;
