﻿servicio_id;servicio_desc
312;Honorable Senado de la Nación Argentina
313;Honorable Cámara de Diputados de la Nación Argentina
314;Biblioteca del Congreso de la Nación
315;Imprenta del Congreso de la Nación
316;Dirección de Ayuda Social para el Personal del Congreso de la Nación (DAS)
319;Defensoría del Pueblo de la Nación
340;Procuración Penitenciaria de la Nación
346;Defensoría del Público de Servicios de Comunicación Audiovisual
369;Oficina de Presupuesto del Congreso
385;Defensoría de los Derechos de las Niñas, Niños y Adolescentes
320;Consejo de la Magistratura
335;Corte Suprema de Justicia de la Nación
360;Procuración General de la Nación
361;Defensoría General de la Nación
301;Secretaría General de la Presidencia de la Nación
338;Secretaría Legal y Técnica
302;Agencia Federal de Inteligencia
345;Consejo Nacional de Coordinación de Políticas Sociales
368;Secretaría de Comunicación y Prensa
305;Jefatura de Gabinete de Ministros
303;Secretaría de Políticas Integrales sobre Drogas de la Nación Argentina (SEDRONAR)
347;Secretaría de Medios y Comunicación Pública
366;Secretaría de Innovación Pública
325;Ministerio del Interior
307;Ministerio de Relaciones Exteriores, Comercio Internacional y Culto
332;Ministerio de Justicia y Derechos Humanos
331;Servicio Penitenciario Federal
334;Ente de Cooperación Técnica y Financiera del Servicio Penitenciario Federal
349;Procuración del Tesoro de la Nación
343;Ministerio de Seguridad
326;Policía Federal Argentina
375;Gendarmería Nacional
380;Prefectura Naval Argentina
382;Policía de Seguridad Aeroportuaria
370;Ministerio de Defensa (Gastos Propios)
372;Instituto de Investigaciones Científicas y Técnicas para la Defensa (CITEDEF)
376;Subsecretaría de Planeamiento Operativo y Servicio Logístico de la Defensa
374;Estado Mayor General del Ejército Argentino
379;Estado Mayor General de la Armada Argentina
381;Estado Mayor General de la Fuerza Aérea Argentina
371;Estado Mayor Conjunto de las Fuerzas Armadas (EMCO)
321;Instituto Nacional de Estadística y Censos
328;Secretaría de Energía
357;Ministerio de Economía
323;Comisión Nacional de Comercio Exterior
362;Ministerio de Desarrollo Productivo
363;Ministerio de Agricultura, Ganadería y Pesca
322;Ministerio de Turismo y Deportes
327;Ministerio de Transporte
364;Ministerio de Obras Públicas
365;Ministerio de Desarrollo Territorial y Hábitat
330;Ministerio de Educación
336;Ministerio de Ciencia, Tecnología e Innovación
337;Ministerio de Cultura
350;Ministerio de Trabajo, Empleo y Seguridad Social
310;Ministerio de Salud
317;Ministerio de Ambiente y Desarrollo Sostenible
311;Ministerio de Desarrollo Social
341;Secretaría Nacional de Niñez, Adolescencia y Familia
386;Ministerio de las Mujeres, Géneros y Diversidad
355;Servicio de la Deuda Pública
356;Obligaciones a Cargo del Tesoro
250;Caja de Retiros, Jubilaciones y Pensiones de la Policía Federal Argentina
470;Instituto de Ayuda Financiera para Pago de Retiros y Pensiones Militares
850;Administración Nacional de la Seguridad Social
1;Auditoría General de la Nación
109;Sindicatura General de la Nación
112;Autoridad Regulatoria Nuclear
917;Agencia Nacional de Discapacidad
205;Agencia de Administración de Bienes del Estado
207;Ente Nacional de Comunicaciones
209;Agencia de Acceso a la Información Pública
200;Registro Nacional de las Personas (RENAPER)
201;Dirección Nacional de Migraciones
118;Instituto Nacional de Asuntos Indígenas
202;Instituto Nacional contra la Discriminación, la Xenofobia y el Racismo
206;Centro Internacional para la Promoción de los Derechos Humanos
208;Agencia Nacional de Materiales Controlados
450;Instituto Geográfico Nacional
452;Servicio Meteorológico Nacional
105;Comisión Nacional de Energía Atómica
602;Comisión Nacional de Valores
603;Superintendencia de Seguros de la Nación
620;Tribunal Fiscal de la Nación
651;Ente Nacional Regulador del Gas
652;Ente Nacional Regulador de la Electricidad
670;Unidad de Información Financiera
114;Instituto Nacional de Asociativismo y Economía Social
608;Instituto Nacional de Tecnología Industrial
622;Instituto Nacional de la Propiedad Industrial
624;Servicio Geológico Minero Argentino
606;Instituto Nacional de Tecnología Agropecuaria
607;Instituto Nacional de Investigación y Desarrollo Pesquero
609;Instituto Nacional de Vitivinicultura
614;Instituto Nacional de Semillas
623;Servicio Nacional de Sanidad y Calidad Agroalimentaria
119;Instituto Nacional de Promoción Turística
203;Agencia Nacional de Seguridad Vial
661;Comisión Nacional de Regulación del Transporte
664;Organismo Regulador del Sistema Nacional de Aeropuertos
669;Administración Nacional de Aviación Civil
671;Junta de Seguridad en el Transporte
108;Instituto Nacional del Agua
604;Dirección Nacional de Vialidad
612;Tribunal de Tasaciones de la Nación
613;Ente Nacional de Obras Hídricas de Saneamiento
656;Organismo Regulador de Seguridad de Presas
101;Fundación Miguel Lillo
804;Comisión Nacional de Evaluación y Acreditación Universitaria
103;Consejo Nacional de Investigaciones Científicas y Técnicas
106;Comisión Nacional de Actividades Espaciales
121;Banco Nacional de Datos Genéticos (BNDG)
173;Agencia Nacional de Promoción de la Investigación, el Desarrollo Tecnológico y la Innovación
113;Teatro Nacional Cervantes
116;Biblioteca Nacional 'Doctor Mariano Moreno'
117;Instituto Nacional del Teatro
802;Fondo Nacional de las Artes
852;Superintendencia de Riesgos del Trabajo
902;Hospital Nacional en Red Especializado en Salud Mental y Adicciones 'Licenciada Laura Bonaparte'
903;Hospital Nacional Dr. Baldomero Sommer
904;Administración Nacional de Medicamentos, Alimentos y Tecnología Médica
905;Instituto Nacional Central Único Coordinador de Ablación e Implante
906;Administración Nacional de Laboratorios e Institutos de Salud Dr. Carlos G. Malbrán
908;Hospital Nacional Profesor Alejandro Posadas
909;Colonia Nacional Dr. Manuel A. Montes de Oca
910;Instituto Nacional de Rehabilitación Psicofísica del Sur Dr. Juan Otimio Tesone
914;Superintendencia de Servicios de Salud
915;Instituto Nacional del Cáncer (INC)
916;Agencia Nacional de Laboratorios Públicos (ANLAP)
107;Administración de Parques Nacionales
