﻿IdSubjurisdiccion;IdJurisdiccion;subjurisdiccion_desc
110;11;Poder Legislativo Nacional
150;15;Poder Judicial de la Nación
1100;110;Ministerio Público
1201;120;Secretaría General de la Presidencia de la Nación
1202;120;Secretaría Legal y Técnica
1208;120;Agencia Federal de Inteligencia
12016;120;Consejo Nacional de Coordinación de Políticas Sociales
12017;120;Secretaría de Comunicación y Prensa
1251;125;Jefatura de Gabinete de Ministros
1252;125;Secretaría de Políticas Integrales sobre Drogas de la Nación Argentina (SEDRONAR)
1253;125;Secretaría de Medios y Comunicación Pública
1254;125;Secretaría de Innovación Pública
1300;130;Ministerio del Interior
1350;135;Ministerio de Relaciones Exteriores, Comercio Internacional y Culto
1401;140;Ministerio de Justicia y Derechos Humanos
1402;140;Servicio Penitenciario Federal
1408;140;Procuración del Tesoro de la Nación
1411;141;Ministerio de Seguridad
1414;141;Policía Federal Argentina
1415;141;Gendarmería Nacional
1416;141;Prefectura Naval Argentina
1417;141;Policía de Seguridad Aeroportuaria
14520;145;Ministerio de Defensa
14521;145;Estado Mayor General del Ejército Argentino
14522;145;Estado Mayor General de la Armada Argentina
14523;145;Estado Mayor General de la Fuerza Aérea Argentina
14524;145;Estado Mayor Conjunto de las Fuerzas Armadas (EMCO)
1500;150;Ministerio de Economía
1510;151;Ministerio de Desarrollo Productivo
1520;152;Ministerio de Agricultura, Ganadería y Pesca
1530;153;Ministerio de Turismo y Deportes
1570;157;Ministerio de Transporte
1640;164;Ministerio de Obras Públicas
1650;165;Ministerio de Desarrollo Territorial y Hábitat
1700;170;Ministerio de Educación
1710;171;Ministerio de Ciencia, Tecnología e Innovación
1720;172;Ministerio de Cultura
1750;175;Ministerio de Trabajo, Empleo y Seguridad Social
1800;180;Ministerio de Salud
1810;181;Ministerio de Ambiente y Desarrollo Sostenible
1850;185;Ministerio de Desarrollo Social
1860;186;Ministerio de las Mujeres, Géneros y Diversidad
1900;190;Servicio de la Deuda Pública
1910;191;Obligaciones a Cargo del Tesoro
3410;341;Ministerio de Seguridad
3450;345;Ministerio de Defensa
3750;375;Ministerio de Trabajo, Empleo y Seguridad Social
210;21;Poder Legislativo Nacional
2200;220;Presidencia de la Nación
2250;225;Jefatura de Gabinete de Ministros
2300;230;Ministerio del Interior
2400;240;Ministerio de Justicia y Derechos Humanos
2450;245;Ministerio de Defensa
2500;250;Ministerio de Economía
2510;251;Ministerio de Desarrollo Productivo
2520;252;Ministerio de Agricultura, Ganadería y Pesca
2530;253;Ministerio de Turismo y Deportes
2570;257;Ministerio de Transporte
2640;264;Ministerio de Obras Públicas
2700;270;Ministerio de Educación
2710;271;Ministerio de Ciencia, Tecnología e Innovación
2720;272;Ministerio de Cultura
2750;275;Ministerio de Trabajo, Empleo y Seguridad Social
2800;280;Ministerio de Salud
2810;281;Ministerio de Ambiente y Desarrollo Sostenible
